{"cameraMode":{"drawMode":0,"name":"Shaded","section":"Shading Mode"},"sceneLighting":false,"audioPlay":false,"sceneViewState":{"showFog":false,"showMaterialUpdate":false,"showSkybox":false,"showFlares":false,"showImageEffects":false,"showParticleSystems":false},"in2DMode":false,"pivot":{"x":0.5692138671875,"y":0.2125244140625,"z":-0.1474609375},"rotation":{"x":-0.175010547041893,"y":0.10847313702106476,"z":-0.019560810178518297,"w":-0.9785086512565613},"size":8.813432693481446,"orthographic":true}