{"cameraMode":{"drawMode":0,"name":"Shaded","section":"Shading Mode"},"sceneLighting":false,"audioPlay":false,"sceneViewState":{"showFog":false,"showMaterialUpdate":false,"showSkybox":false,"showFlares":false,"showImageEffects":false,"showParticleSystems":false},"in2DMode":false,"pivot":{"x":6.577354431152344,"y":4.703125,"z":5.9927978515625},"rotation":{"x":0.47762802243232729,"y":-0.01423491258174181,"z":0.007741726469248533,"w":0.8784618973731995},"size":31.28621482849121,"orthographic":true}