{"cameraMode":{"drawMode":0,"name":"Shaded","section":"Shading Mode"},"sceneLighting":false,"audioPlay":false,"sceneViewState":{"showFog":false,"showMaterialUpdate":false,"showSkybox":false,"showFlares":false,"showImageEffects":false,"showParticleSystems":false},"in2DMode":false,"pivot":{"x":1.170363187789917,"y":-0.38818359375,"z":1.559814453125},"rotation":{"x":0.288353830575943,"y":0.004585595801472664,"z":-0.0014053977793082595,"w":0.9575502872467041},"size":3.3831474781036379,"orthographic":true}