{"cameraMode":{"drawMode":0,"name":"Shaded","section":"Shading Mode"},"sceneLighting":true,"audioPlay":false,"sceneViewState":{"showFog":false,"showMaterialUpdate":false,"showSkybox":false,"showFlares":false,"showImageEffects":false,"showParticleSystems":false},"in2DMode":false,"pivot":{"x":-0.64166259765625,"y":1.35400390625,"z":0.12890625},"rotation":{"x":0.12548096477985383,"y":0.05593135207891464,"z":-0.0071195270866155628,"w":0.9906092882156372},"size":9.68535041809082,"orthographic":true}